{"providers":[{"type":"bitmap","file":"emojis/preocupado","height":9,"ascent":8,"chars":["翞"]},{"type":"bitmap","file":"emojis/dislike","height":9,"ascent":8,"chars":["翮"]},{"type":"bitmap","file":"emojis/angelito","height":9,"ascent":8,"chars":["翽"]},{"type":"bitmap","file":"emojis/lerolero","height":9,"ascent":8,"chars":["翜"]},{"type":"bitmap","file":"emojis/triste_2","height":9,"ascent":8,"chars":["翗"]},{"type":"bitmap","file":"emojis/ojos","height":9,"ascent":8,"chars":["翪"]},{"type":"bitmap","file":"emojis/espantado","height":9,"ascent":8,"chars":["翣"]},{"type":"bitmap","file":"emojis/elegante","height":9,"ascent":8,"chars":["翬"]},{"type":"bitmap","file":"emojis/sus","height":9,"ascent":8,"chars":["翫"]},{"type":"bitmap","file":"emojis/fascinado","height":9,"ascent":8,"chars":["翧"]},{"type":"bitmap","file":"emojis/corazon_amarillo","height":9,"ascent":8,"chars":["翴"]},{"type":"bitmap","file":"emojis/corazon_verde","height":9,"ascent":8,"chars":["翰"]},{"type":"bitmap","file":"emojis/regalo","height":9,"ascent":8,"chars":["翝"]},{"type":"bitmap","file":"emojis/corazon_morado","height":9,"ascent":8,"chars":["翲"]},{"type":"bitmap","file":"emojis/nerd","height":9,"ascent":8,"chars":["翠"]},{"type":"bitmap","file":"emojis/guino","height":9,"ascent":8,"chars":["翤"]},{"type":"bitmap","file":"emojis/furioso","height":9,"ascent":8,"chars":["翦"]},{"type":"bitmap","file":"emojis/gg","height":9,"ascent":8,"chars":["翥"]},{"type":"bitmap","file":"emojis/suspirar","height":9,"ascent":8,"chars":["翙"]},{"type":"bitmap","file":"emojis/aturdido","height":9,"ascent":8,"chars":["翻"]},{"type":"bitmap","file":"emojis/confundido_2","height":9,"ascent":8,"chars":["翸"]},{"type":"bitmap","file":"emojis/calabera","height":9,"ascent":8,"chars":["翺"]},{"type":"bitmap","file":"emojis/like","height":9,"ascent":8,"chars":["翢"]},{"type":"bitmap","file":"emojis/llorando","height":9,"ascent":8,"chars":["翡"]},{"type":"bitmap","file":"emojis/estornudo","height":9,"ascent":8,"chars":["翩"]},{"type":"bitmap","file":"emojis/cool","height":9,"ascent":8,"chars":["翨"]},{"type":"bitmap","file":"emojis/haaa","height":9,"ascent":8,"chars":["翛"]},{"type":"bitmap","file":"emojis/congelado","height":9,"ascent":8,"chars":["翷"]},{"type":"bitmap","file":"emojis/demonio","height":9,"ascent":8,"chars":["翯"]},{"type":"bitmap","file":"emojis/corazon_azul","height":9,"ascent":8,"chars":["翳"]},{"type":"bitmap","file":"emojis/sonriente","height":9,"ascent":8,"chars":["翚"]},{"type":"bitmap","file":"emojis/risa","height":9,"ascent":8,"chars":["翿"]},{"type":"bitmap","file":"emojis/durmiendo","height":9,"ascent":8,"chars":["翭"]},{"type":"bitmap","file":"emojis/triste","height":9,"ascent":8,"chars":["翘"]},{"type":"bitmap","file":"emojis/asco","height":9,"ascent":8,"chars":["翼"]},{"type":"bitmap","file":"emojis/corazon","height":9,"ascent":8,"chars":["翵"]},{"type":"bitmap","file":"emojis/vomito","height":9,"ascent":8,"chars":["翖"]},{"type":"bitmap","file":"emojis/enfermo","height":9,"ascent":8,"chars":["翶"]},{"type":"bitmap","file":"emojis/enamorado","height":9,"ascent":8,"chars":["翟"]},{"type":"bitmap","file":"emojis/corazon_roto","height":9,"ascent":8,"chars":["翱"]},{"type":"bitmap","file":"minecraft:misc\/redstone.png","ascent":8,"height":16,"chars":["\ueff5"]},{"type":"bitmap","file":"minecraft:misc\/hunger_half.png","ascent":8,"height":16,"chars":["\ueff3"]},{"type":"bitmap","file":"minecraft:misc\/hunger_full.png","ascent":8,"height":16,"chars":["\ueff4"]}]}